time,x,y,theta
0.184,0.04,0.0,0.0
0.239,0.06,0.0,0.0
0.291,0.08,0.0,0.0
0.344,0.1,0.0,0.0
0.396,0.12,0.0,0.0
0.448,0.14,0.0,0.0
0.501,0.16,0.0,0.0
0.667,0.18,0.0,0.0
0.726,0.2,0.0,0.0
0.884,0.01,0.042,-0.02
0.991,0.03,0.04,-0.019
1.095,0.05,0.039,-0.018
1.2,0.07,0.037,-0.018
1.456,0.14,0.034,-0.045
1.546,0.159,0.032,-0.042
1.643,0.179,0.03,-0.04
1.891,0.333,0.032,-0.03
2.127,0.405,0.039,-0.042
2.33,0.543,0.031,0.016
2.767,0.688,-0.035,-0.03
2.843,0.686,-0.029,-0.012
3.188,0.855,-0.036,-0.016
3.347,0.85,-0.03,0.002
3.437,0.846,-0.024,0.021
3.547,0.842,-0.018,0.039
3.638,0.838,-0.011,0.058
3.744,0.834,-0.005,0.076
3.836,0.83,0.001,0.095
3.944,0.826,0.007,0.113
4.032,0.821,0.014,0.132
4.137,0.817,0.02,0.151
5.293,0.813,0.026,0.169
5.557,0.777,0.254,0.301
5.692,0.773,0.258,0.32
5.751,0.769,0.262,0.339
5.903,0.76,0.279,0.319
6.006,0.756,0.282,0.338
6.1,0.752,0.285,0.358
6.162,0.748,0.289,0.377
6.448,0.74,0.332,0.359
6.658,0.715,0.337,0.504
6.909,0.689,0.34,0.64
7.082,0.656,0.34,0.775
7.154,0.652,0.344,0.795
7.302,0.629,0.337,0.868
7.377,0.625,0.342,0.887
7.687,0.591,0.319,0.96
7.975,0.572,0.326,0.962
8.099,0.57,0.331,0.982
8.158,0.568,0.337,1.001
8.356,0.54,0.347,0.935
8.575,0.532,0.355,0.943
8.822,0.621,0.23,1.051
9.124,0.625,0.263,1.272
9.313,0.618,0.275,1.287
9.379,0.612,0.287,1.302
9.759,0.494,0.299,1.79
9.974,0.472,0.306,1.929
10.171,0.462,0.307,2.062
10.284,0.463,0.314,2.043
10.371,0.465,0.321,2.025
10.469,0.466,0.329,2.006
10.58,0.468,0.336,1.988
10.676,0.469,0.343,1.969
10.781,0.471,0.35,1.951
10.946,0.429,0.505,2.561
11.065,0.431,0.505,2.541
11.169,0.432,0.505,2.521
11.402,0.246,0.448,2.309
11.544,0.252,0.449,2.29
11.731,0.237,0.488,2.176
11.848,0.245,0.489,2.158
11.959,0.253,0.489,2.139
12.067,0.261,0.489,2.121
12.172,0.269,0.49,2.103
12.361,0.339,0.517,1.545
12.475,0.358,0.515,1.55
12.581,0.378,0.513,1.553
12.819,0.355,0.513,1.428
12.893,0.369,0.512,1.442
13.08,0.367,0.518,1.434
13.194,0.381,0.516,1.449
13.281,0.395,0.514,1.463
13.52,0.399,0.523,1.471
13.59,0.413,0.52,1.485
13.778,0.419,0.535,1.502
13.974,0.43,0.541,1.554
14.185,0.42,0.54,1.593
14.474,0.444,0.558,1.692
14.665,0.446,0.579,1.766
14.78,0.44,0.578,1.785
14.887,0.433,0.577,1.804
15.123,0.359,0.574,1.798
15.391,0.442,0.572,1.823
15.582,0.345,0.57,1.844
15.701,0.34,0.569,1.864
15.787,0.335,0.568,1.883
16.022,0.326,0.565,1.916
16.253,0.315,0.559,1.931
16.372,0.31,0.558,1.95
16.48,0.305,0.557,1.97
16.587,0.3,0.556,1.989
16.693,0.295,0.555,2.008
16.927,0.286,0.544,1.973
17.199,0.28,0.533,1.981
17.396,0.275,0.527,1.993
17.509,0.27,0.526,2.013
17.593,0.265,0.526,2.032
17.827,0.26,0.513,2.003
17.963,0.256,0.513,2.022
18.074,0.251,0.513,2.042
18.177,0.247,0.512,2.061
18.279,0.243,0.512,2.081
18.515,0.237,0.493,2.028
18.625,0.233,0.493,2.048
18.691,0.229,0.493,2.067
18.976,0.221,0.482,2.096
19.288,0.209,0.482,2.227
19.506,0.185,0.49,2.4
19.612,0.18,0.49,2.419
19.712,0.175,0.49,2.439
19.805,0.17,0.491,2.458
20.071,0.256,0.604,2.868
20.333,0.229,0.6,3.099
20.459,0.211,0.592,3.102
20.578,0.193,0.585,3.106
20.697,0.175,0.577,3.109
20.862,0.185,0.504,-2.858
21.022,0.174,0.504,-2.875
21.178,0.141,0.414,-2.71
21.334,0.135,0.417,-2.729
21.591,0.048,0.354,-2.718
21.752,0.046,0.361,-2.737
22.058,-0.07,0.314,-2.736
22.358,-0.126,0.412,-2.826
22.503,-0.119,0.416,-2.844
22.662,-0.156,0.311,-2.977
22.756,-0.145,0.324,-2.988
22.816,-0.135,0.337,-2.999
22.979,-0.167,0.333,-2.949
23.141,-0.156,0.344,-2.962
23.348,-0.142,0.36,3.061
24.458,0.077,0.437,2.666
24.719,0.131,0.464,2.79
24.959,0.157,0.477,2.799
25.032,0.149,0.479,2.817
25.222,0.183,0.428,2.85
25.461,0.205,0.531,2.86
25.753,0.154,0.454,2.863
25.898,0.144,0.457,2.881
26.014,0.135,0.46,2.898
26.124,0.125,0.463,2.915
26.24,0.116,0.465,2.933
26.345,0.106,0.468,2.95
26.444,0.096,0.471,2.967
26.537,0.087,0.474,2.985
26.632,0.077,0.477,3.002
26.741,0.068,0.48,3.019
26.853,-0.082,0.605,2.944
26.935,-0.075,0.596,2.961
27.1,-0.123,0.615,2.946
27.232,-0.113,0.607,2.961
27.347,-0.104,0.598,2.976
27.437,-0.094,0.589,2.992
27.553,-0.085,0.58,3.007
27.634,-0.075,0.571,3.022
27.798,-0.263,0.643,2.972
27.93,-0.248,0.635,2.982
28.034,-0.232,0.627,2.992
28.15,-0.217,0.618,3.002
28.308,-0.185,0.56,-2.96
28.484,-0.171,0.556,-2.974
28.738,-0.07,0.589,-2.923
28.913,-0.064,0.581,-2.94
29.172,0.101,0.619,-2.865
29.332,0.094,0.611,-2.882
29.5,0.224,0.699,-2.95
29.626,0.211,0.688,-2.96
29.733,0.199,0.677,-2.971
29.843,0.186,0.666,-2.982
29.955,0.173,0.654,-2.993
30.043,0.161,0.643,-3.004
30.304,0.274,0.645,-3.014
30.519,0.24,0.671,-3.105
30.723,0.156,0.69,-3.08
30.855,0.144,0.674,-3.085
30.98,0.131,0.66,-3.09
31.045,0.119,0.645,-3.095
31.151,0.107,0.63,-3.099
31.413,-0.074,0.598,-3.054
31.605,-0.12,0.664,-3.085
31.82,-0.137,0.648,-3.015
32.037,-0.135,0.632,-2.981
32.228,-0.134,0.616,-2.941
32.388,-0.124,0.607,-2.956
32.696,-0.024,0.52,-2.897
33.001,0.036,0.501,-2.919
33.151,0.033,0.501,-2.939
33.31,0.052,0.475,-2.921
33.459,0.048,0.478,-2.941
33.618,0.089,0.458,-2.95
33.785,0.081,0.462,-2.967
34.091,0.106,0.484,3.105
34.412,0.068,0.591,2.97
34.578,0.061,0.583,2.986
34.839,0.021,0.632,2.724
35.031,0.02,0.626,2.744
35.131,0.019,0.62,2.763
35.231,0.018,0.614,2.782
35.33,0.017,0.608,2.801
35.426,0.016,0.602,2.82
35.528,0.015,0.596,2.839
35.628,0.014,0.59,2.858
35.73,0.013,0.584,2.877
35.836,0.013,0.578,2.896
35.938,0.012,0.572,2.915
36.203,-0.102,0.651,2.759
36.361,-0.097,0.644,2.777
36.525,-0.094,0.637,2.78
36.642,-0.089,0.63,2.798
36.747,-0.085,0.623,2.816
36.851,-0.08,0.616,2.835
37.118,-0.092,0.61,2.791
37.268,-0.087,0.604,2.809
37.432,-0.055,0.59,2.887
37.559,-0.051,0.583,2.906
37.665,-0.047,0.577,2.924
37.777,-0.043,0.57,2.943
37.904,-0.039,0.564,2.961
37.977,-0.035,0.557,2.98
38.099,-0.031,0.551,2.998
38.165,-0.027,0.544,3.017
38.425,0.121,0.492,-2.961
38.605,0.11,0.493,-2.978
38.67,0.099,0.494,-2.995
38.837,0.192,0.543,-2.728
39.043,0.225,0.533,-2.623
39.204,0.217,0.532,-2.641
39.512,0.293,0.455,-2.457
39.783,0.241,0.414,-2.482
39.954,0.235,0.416,-2.501
40.215,0.169,0.364,-2.49
40.338,0.164,0.368,-2.509
40.434,0.159,0.372,-2.528
40.51,0.154,0.376,-2.547
40.767,0.08,0.35,-2.631
40.983,0.032,0.453,-2.722
41.184,0.015,0.469,-2.778
41.384,0.008,0.457,-2.851
41.582,0.006,0.464,-2.864
41.804,0.002,0.469,-2.879
41.962,0.002,0.472,-2.898
42.121,-0.017,0.395,-2.935
42.383,-0.026,0.505,3.1
42.784,-0.013,0.517,2.949
42.982,-0.0,0.538,2.814
43.161,-0.0,0.53,2.796
43.325,0.022,0.522,2.687
43.39,0.021,0.513,2.669
43.583,0.028,0.512,2.7
43.781,0.024,0.511,2.706
43.947,0.024,0.502,2.688
44.155,0.016,0.505,2.725
44.379,0.012,0.498,2.75
44.599,0.011,0.49,2.749
44.853,0.016,0.479,2.731
45.041,0.018,0.471,2.718
45.182,0.018,0.464,2.7
45.295,0.018,0.456,2.681
45.412,0.017,0.449,2.663
45.518,0.017,0.441,2.644
45.603,0.017,0.433,2.626
45.721,0.016,0.426,2.607
45.801,0.016,0.418,2.589
45.967,0.023,0.43,2.694
46.078,0.022,0.423,2.675
46.188,0.022,0.416,2.657
46.295,0.022,0.409,2.638
46.405,0.021,0.402,2.619
46.516,0.021,0.395,2.601
46.624,0.02,0.387,2.582
46.705,0.02,0.38,2.563
46.872,0.045,0.399,2.667
46.993,0.044,0.392,2.648
47.103,0.043,0.385,2.629
47.216,0.042,0.378,2.61
47.329,0.042,0.372,2.592
47.409,0.041,0.365,2.573
47.676,0.046,0.368,2.677
47.877,0.044,0.359,2.682
48.041,0.044,0.353,2.663
48.347,0.049,0.35,2.705
48.487,0.049,0.344,2.686
48.647,0.051,0.229,2.673
48.715,0.05,0.225,2.654
48.914,0.045,0.232,2.701
49.132,0.044,0.317,2.701
49.36,0.043,0.306,2.701
49.53,0.042,0.301,2.681
49.688,0.042,0.213,2.72
49.843,0.041,0.209,2.7
49.907,0.04,0.205,2.68
50.01,0.04,0.202,2.661
50.271,0.053,0.192,2.724
50.442,0.052,0.188,2.704
50.598,0.056,0.171,2.716
50.716,0.055,0.168,2.696
50.829,0.054,0.165,2.677
50.944,0.053,0.162,2.657
51.023,0.052,0.159,2.637
51.284,0.074,0.14,2.569
51.532,0.077,0.22,2.563
51.734,0.069,0.138,2.583
51.961,0.087,0.204,2.49
52.126,0.085,0.2,2.47
52.29,0.094,0.192,2.4
52.402,0.091,0.188,2.38
52.51,0.089,0.183,2.361
52.617,0.087,0.179,2.342
52.724,0.085,0.174,2.322
52.993,0.072,0.162,2.416
53.2,0.068,0.154,2.418
53.437,0.068,0.149,2.429
53.661,0.057,0.136,2.423
53.953,0.053,0.121,2.43
54.097,0.052,0.118,2.41
54.212,0.051,0.115,2.39
54.325,0.05,0.113,2.371
54.455,0.048,0.11,2.351
54.783,-0.021,-0.013,2.269
55.065,0.1,0.062,2.124
55.292,0.036,-0.069,2.053
55.528,0.068,-0.095,1.96
55.656,0.065,-0.09,1.941
55.734,0.061,-0.085,1.922
55.838,0.058,-0.081,1.903
55.954,0.055,-0.076,1.883
56.033,0.051,-0.071,1.864
56.323,0.031,-0.124,1.437
56.549,0.041,-0.068,1.449
56.786,0.048,-0.018,1.45
57.017,0.055,0.028,1.45
57.32,0.055,0.095,1.437
57.431,0.049,0.084,1.452
57.672,0.068,0.163,1.563
57.843,0.043,0.198,1.687
58.08,0.133,0.19,1.711
58.148,0.123,0.176,1.701
58.417,0.024,0.155,1.731
58.547,0.022,0.141,1.716
58.742,0.145,0.059,1.788
58.861,0.134,0.055,1.772
58.947,0.123,0.05,1.756
59.189,0.1,-0.064,1.679
59.319,0.087,-0.055,1.666
59.429,0.075,-0.047,1.652
59.541,0.062,-0.04,1.639
59.782,0.246,-0.316,1.544
60.009,0.009,-0.239,1.378
60.193,-0.026,-0.241,1.316
60.424,-0.032,-0.23,1.346
60.532,-0.03,-0.216,1.36
60.782,0.003,-0.2,1.293
60.88,0.002,-0.188,1.31
60.963,0.002,-0.176,1.326
61.205,-0.008,-0.063,1.34
61.456,0.005,-0.019,1.378
61.654,0.002,0.044,1.406
61.79,0.002,0.038,1.425
61.886,0.002,0.033,1.444
61.969,0.002,0.028,1.464
62.258,0.018,0.199,1.46
62.464,0.009,0.241,1.487
62.707,0.014,0.262,1.601
62.887,0.028,0.242,1.511
62.978,0.026,0.223,1.516
63.208,0.008,0.213,1.322
63.362,0.007,0.2,1.338
63.552,0.021,0.121,1.391
63.675,0.019,0.11,1.407
63.912,-0.01,-0.014,1.39
64.11,0.001,-0.112,1.439
64.185,0.0,-0.099,1.454
64.265,0.0,-0.086,1.469
64.557,-0.028,-0.227,1.453
64.762,-0.048,-0.269,1.448
64.88,-0.045,-0.251,1.456
64.997,-0.042,-0.233,1.464
65.08,-0.039,-0.215,1.473
65.249,0.029,-0.147,1.596
65.596,-0.042,-0.172,1.665
65.921,0.023,0.091,1.68
66.159,-0.066,0.057,1.732
66.459,-0.086,0.172,1.707
66.673,-0.093,0.26,1.656
66.882,-0.085,0.321,1.668
67.006,-0.08,0.303,1.662
67.087,-0.075,0.284,1.656
67.325,-0.112,0.256,1.315
67.541,-0.088,0.22,1.311
67.652,-0.083,0.208,1.326
67.756,-0.078,0.195,1.341
67.863,-0.073,0.183,1.356
67.973,-0.068,0.17,1.37
68.09,-0.063,0.158,1.385
68.203,-0.058,0.145,1.4
68.282,-0.053,0.133,1.415
68.522,-0.137,-0.085,1.345
68.732,-0.156,-0.14,1.365
69.0,-0.026,-0.232,1.438
69.331,-0.065,-0.172,1.434
69.542,0.077,-0.375,1.762
69.648,0.074,-0.357,1.753
69.738,0.07,-0.34,1.744
70.003,-0.082,-0.073,1.623
70.301,-0.116,-0.0,1.611
70.536,-0.127,-0.042,1.754
70.656,-0.116,-0.038,1.737
70.751,-0.105,-0.035,1.721
70.828,-0.094,-0.031,1.705
70.992,-0.197,0.128,1.55
71.185,-0.139,0.197,1.581
71.436,-0.04,0.228,1.539
71.545,-0.037,0.209,1.542
71.62,-0.033,0.189,1.544
71.898,-0.095,0.272,1.47
72.137,-0.091,0.277,1.469
72.231,-0.085,0.26,1.475
72.314,-0.079,0.242,1.482
72.393,-0.073,0.224,1.489
72.636,-0.083,0.134,1.51
72.707,-0.073,0.118,1.517
72.996,-0.058,0.013,1.569
73.461,0.08,-0.142,1.646
73.678,0.045,-0.073,1.59
73.884,0.03,-0.157,1.56
74.107,0.045,-0.31,1.518
74.23,0.045,-0.301,1.5
74.408,0.075,-0.256,1.258
74.653,0.017,-0.206,1.264
74.744,0.018,-0.196,1.247
74.913,0.032,-0.154,1.263
75.141,0.05,-0.11,1.283
75.219,0.05,-0.104,1.264
75.322,0.05,-0.098,1.245
75.61,0.092,-0.006,1.266
75.824,0.092,0.049,1.233
76.059,0.111,0.093,1.242
76.27,0.126,0.143,1.237
76.487,0.144,0.192,1.236
76.681,0.223,0.233,1.078
76.791,0.214,0.224,1.063
76.896,0.205,0.214,1.048
77.009,0.196,0.205,1.033
77.122,0.187,0.195,1.018
77.228,0.178,0.186,1.002
77.335,0.169,0.176,0.987
77.415,0.16,0.167,0.972
77.574,0.18,0.206,0.542
77.833,0.047,0.142,0.576
78.02,0.095,0.154,0.484
78.148,0.092,0.147,0.502
78.229,0.089,0.141,0.521
78.48,-0.009,0.108,0.396
78.594,-0.005,0.105,0.415
78.844,-0.15,0.025,0.466
79.067,-0.099,0.09,0.419
79.404,-0.173,0.189,0.607
79.688,-0.183,0.077,0.82
79.83,-0.163,0.075,0.817
79.942,-0.143,0.073,0.814
80.046,-0.124,0.07,0.811
80.125,-0.104,0.068,0.808
80.42,-0.113,0.152,1.081
80.602,-0.079,0.182,1.125
80.851,0.074,0.205,1.162
80.948,0.073,0.197,1.143
81.029,0.072,0.189,1.125
81.271,0.086,0.287,1.161
81.339,0.085,0.276,1.144
81.578,0.13,0.324,1.197
81.686,0.127,0.313,1.181
81.814,0.14,0.324,1.218
81.933,0.137,0.314,1.201
82.055,0.133,0.303,1.184
82.134,0.13,0.293,1.168
82.378,0.103,0.223,1.184
82.474,0.101,0.215,1.166
82.745,0.075,0.154,1.149
82.973,0.051,0.115,1.112
83.041,0.051,0.111,1.092
83.284,0.036,0.057,1.106
83.507,0.094,0.013,1.085
83.629,0.091,0.015,1.065
83.735,0.088,0.018,1.045
83.98,-0.027,-0.083,1.048
84.053,-0.022,-0.075,1.031
84.652,-0.035,-0.1,0.722
84.852,-0.056,-0.101,0.762
85.067,-0.032,-0.057,0.849
85.156,-0.021,-0.042,0.841
85.405,0.042,-0.032,0.892
85.631,0.081,0.023,0.898
85.757,0.076,0.027,0.879
86.912,0.339,0.3,0.818
87.186,0.319,0.314,0.833
87.252,0.304,0.3,0.83
87.452,0.306,0.322,0.836
87.657,0.295,0.329,0.849
87.884,0.24,0.473,0.858
87.961,0.232,0.454,0.855
88.112,0.247,0.284,0.851
88.228,0.234,0.269,0.847
88.472,0.06,0.341,0.792
88.661,0.02,0.122,0.845
88.966,-0.047,0.187,0.772
89.217,-0.142,-0.009,0.784
89.437,-0.235,0.161,0.706
89.666,-0.13,-0.171,0.896
89.799,-0.12,-0.167,0.879
89.857,-0.109,-0.163,0.863
90.158,-0.224,-0.125,0.638
90.379,-0.232,-0.105,0.519
90.554,-0.123,-0.046,0.432
90.666,-0.107,-0.044,0.42
90.921,0.034,-0.065,0.355
91.124,0.094,-0.044,0.332
91.238,0.108,-0.04,0.318
91.337,0.123,-0.037,0.305
91.592,0.157,0.084,0.301
91.69,0.171,0.082,0.286
91.769,0.185,0.08,0.272
91.928,0.261,0.137,0.204
92.126,0.326,0.139,0.189
92.234,0.336,0.132,0.173
92.325,0.346,0.124,0.158
92.569,0.463,0.17,0.094
92.816,0.531,0.177,0.063
92.9,0.521,0.161,0.055
92.984,0.511,0.146,0.048
93.143,0.639,0.168,0.033
93.348,0.678,0.076,-0.123
93.559,0.716,0.058,-0.233
93.773,0.712,0.048,-0.261
93.956,0.708,0.043,-0.269
94.07,0.694,0.043,-0.255
94.334,0.647,0.054,-0.321
94.656,0.54,0.086,-0.27
94.877,0.485,0.173,-0.209
95.102,0.433,0.193,-0.203
95.196,0.435,0.181,-0.187
95.282,0.436,0.17,-0.171
95.44,0.355,0.219,-0.203
95.645,0.31,0.148,-0.211
95.755,0.321,0.141,-0.195
95.86,0.331,0.134,-0.179
95.968,0.341,0.127,-0.164
96.077,0.352,0.119,-0.148
96.332,0.306,0.138,-0.039
96.561,0.329,0.208,0.09
96.751,0.375,0.24,0.128
96.948,0.414,0.241,0.163
97.209,0.478,0.148,0.229
97.512,0.605,0.282,0.202
97.609,0.596,0.269,0.19
97.689,0.587,0.255,0.178
97.846,0.685,0.269,0.18
98.038,0.707,0.259,0.127
98.169,0.693,0.247,0.12
98.369,0.714,0.249,0.082
98.576,0.706,0.152,0.003
98.692,0.687,0.145,0.003
98.9,0.636,0.119,-0.233
99.111,0.599,0.234,-0.25
99.215,0.591,0.224,-0.235
99.296,0.582,0.213,-0.221
99.457,0.484,0.253,-0.243
99.648,0.403,0.276,-0.241
99.734,0.406,0.262,-0.227
100.009,0.307,0.315,-0.255
100.184,0.271,0.316,-0.244
100.302,0.28,0.303,-0.232
100.414,0.289,0.289,-0.22
100.668,0.274,0.181,-0.16
100.856,0.296,0.28,-0.161
100.955,0.305,0.266,-0.151
101.021,0.315,0.251,-0.141
101.324,0.37,0.266,0.066
101.623,0.451,0.27,0.251
101.86,0.515,0.291,0.278
102.047,0.584,0.306,0.428
102.114,0.579,0.296,0.411
102.266,0.64,0.334,0.515
102.378,0.634,0.325,0.498
102.48,0.628,0.316,0.481
102.585,0.622,0.307,0.465
102.694,0.615,0.297,0.448
102.803,0.609,0.288,0.431
102.912,0.603,0.279,0.415
103.032,0.597,0.27,0.398
103.115,0.591,0.261,0.382
103.232,0.585,0.251,0.365
103.313,0.579,0.242,0.348
103.47,0.638,0.276,0.238
103.665,0.579,0.268,0.197
103.767,0.571,0.255,0.184
103.849,0.563,0.241,0.172
104.118,0.489,0.257,0.147
104.321,0.419,0.241,0.116
104.541,0.352,0.097,0.187
104.636,0.362,0.093,0.169
104.872,0.296,0.071,0.072
105.085,0.289,0.207,0.001
105.293,0.288,0.072,0.085
105.516,0.299,0.184,0.022
105.739,0.353,0.166,-0.005
105.83,0.366,0.151,-0.004
105.983,0.407,0.171,-0.082
106.18,0.506,0.152,-0.094
106.29,0.499,0.139,-0.082
106.392,0.491,0.125,-0.069
106.49,0.484,0.113,-0.058
106.955,0.738,0.011,-0.204
107.023,0.735,0.015,-0.185
107.187,0.765,-0.013,-0.205
107.392,0.756,-0.025,-0.24
107.65,0.752,-0.013,-0.236
107.942,0.748,0.012,-0.055
108.186,0.741,0.018,0.171
108.395,0.718,0.107,0.295
108.614,0.678,0.106,0.42
108.84,0.646,0.11,0.555
109.011,0.616,0.11,0.652
109.277,0.601,0.013,0.745
109.347,0.598,0.022,0.762
109.643,0.556,0.131,0.72
109.891,0.54,0.139,0.735
110.08,0.524,0.146,0.741
110.315,0.513,0.153,0.769
110.531,0.499,0.17,0.802
110.741,0.484,0.191,0.813
110.864,0.483,0.198,0.832
110.938,0.482,0.204,0.851
111.087,0.546,0.076,0.825
111.164,0.544,0.085,0.842
111.291,0.57,0.087,0.912
111.373,0.567,0.096,0.929
111.64,0.561,0.108,1.111
111.83,0.566,0.112,1.306
111.946,0.561,0.128,1.318
112.138,0.515,0.132,1.566
112.265,0.511,0.152,1.566
112.353,0.507,0.172,1.566
112.593,0.393,0.153,1.694
112.668,0.396,0.171,1.687
112.941,0.345,0.213,1.797
113.125,0.318,0.255,1.752
113.244,0.327,0.268,1.74
113.361,0.336,0.282,1.728
113.476,0.344,0.295,1.716
113.543,0.353,0.308,1.703
113.888,0.285,0.537,1.718
114.027,0.299,0.529,1.706
114.133,0.313,0.522,1.693
114.238,0.326,0.515,1.681
114.343,0.34,0.507,1.668
114.449,0.354,0.5,1.656
114.555,0.368,0.493,1.644
114.67,0.382,0.485,1.631
114.868,0.373,0.485,1.67
114.964,0.369,0.484,1.69
115.066,0.365,0.484,1.709
115.173,0.361,0.483,1.729
115.26,0.356,0.483,1.749
115.369,0.352,0.482,1.768
115.474,0.348,0.482,1.788
115.563,0.343,0.481,1.807
115.667,0.339,0.481,1.827
115.769,0.335,0.48,1.846
115.874,0.331,0.48,1.866
115.96,0.326,0.48,1.885
116.067,0.322,0.479,1.905
116.175,0.318,0.479,1.924
116.259,0.313,0.478,1.944
116.369,0.309,0.478,1.963
116.47,0.305,0.477,1.983
116.571,0.3,0.477,2.002
116.68,0.296,0.476,2.022
116.767,0.292,0.476,2.041
116.88,0.288,0.475,2.061
116.967,0.283,0.475,2.08
117.078,0.279,0.474,2.1
117.18,0.275,0.474,2.12
117.266,0.27,0.474,2.139
117.373,0.266,0.473,2.159
117.478,0.262,0.473,2.178
117.566,0.258,0.472,2.198
117.687,0.253,0.472,2.217
117.769,0.249,0.471,2.237
117.878,0.245,0.471,2.256
118.161,0.28,0.651,1.99
118.407,0.265,0.653,2.163
118.482,0.261,0.649,2.182
118.57,0.257,0.645,2.201
118.81,0.23,0.653,2.562
119.037,0.212,0.647,2.704
119.157,0.206,0.639,2.722
119.272,0.199,0.632,2.739
120.461,0.193,0.624,2.756
120.575,0.187,0.616,2.773
120.788,0.303,0.618,3.031
120.973,0.318,0.596,3.033
121.184,0.333,0.643,3.001
121.403,0.329,0.66,3.043
121.62,0.33,0.662,3.068
121.83,0.314,0.65,3.073
121.901,0.299,0.639,3.077
122.06,0.252,0.568,3.077
122.252,0.211,0.621,3.058
122.404,0.199,0.607,3.065
122.562,0.089,0.576,-3.128
122.677,0.083,0.557,-3.13
122.788,0.078,0.539,-3.132
122.98,0.077,0.527,-3.171
123.341,-0.114,0.523,-3.026
123.64,-0.093,0.541,-3.103
123.827,-0.091,0.535,-3.122
123.886,-0.09,0.529,-3.141
124.045,-0.094,0.475,-3.006
124.15,-0.093,0.47,-3.025
124.247,-0.091,0.466,-3.044
124.505,-0.078,0.463,-3.016
124.668,-0.076,0.458,-3.035
124.928,-0.054,0.447,-3.026
125.108,-0.053,0.442,-3.046
125.268,-0.046,0.434,-3.023
125.387,-0.045,0.43,-3.042
125.509,-0.044,0.425,-3.062
125.614,-0.043,0.421,-3.081
125.735,-0.042,0.416,-3.101
125.813,-0.041,0.412,-3.12
125.908,-0.04,0.408,-3.14
125.996,-0.039,0.403,-3.159
126.257,-0.011,0.399,-3.01
126.459,-0.014,0.486,-2.992
126.617,-0.013,0.481,-3.011
126.731,-0.013,0.476,-3.031
127.037,0.017,0.376,-3.036
127.352,0.021,0.467,-3.021
127.495,0.021,0.462,-3.04
127.663,0.033,0.46,-3.025
127.821,0.033,0.455,-3.044
127.934,0.033,0.451,-3.064
127.993,0.034,0.446,-3.083
128.261,0.061,0.34,-3.03
128.46,0.062,0.443,-3.016
128.641,0.062,0.438,-3.036
128.897,0.095,0.321,-3.068
129.049,0.095,0.318,-3.087
129.356,0.111,0.31,-3.062
129.497,0.11,0.307,-3.082
129.656,0.119,0.302,-3.059
129.811,0.118,0.299,-3.079
129.942,0.117,0.296,-3.098
130.248,0.116,0.286,-3.117
130.565,0.087,0.398,3.082
130.776,0.063,0.396,2.959
130.926,0.063,0.391,2.94
132.035,-0.021,0.39,2.522
132.224,-0.022,0.382,2.525
132.379,-0.021,0.375,2.507
132.484,-0.019,0.369,2.488
132.594,-0.018,0.362,2.469
132.706,-0.016,0.356,2.45
132.812,-0.015,0.349,2.431
132.921,-0.014,0.343,2.412
133.034,-0.012,0.336,2.394
133.12,-0.011,0.329,2.375
133.389,0.008,0.334,2.377
133.6,0.027,0.314,2.247
133.827,-0.049,0.203,2.183
133.955,-0.046,0.198,2.164
134.014,-0.043,0.193,2.145
135.137,-0.001,0.056,1.65
135.632,0.005,-0.058,1.621
135.764,0.007,-0.054,1.601
135.823,0.01,-0.051,1.582
136.111,0.019,-0.152,1.619
136.429,0.028,-0.131,1.401
136.676,0.122,-0.108,1.298
136.863,0.033,0.06,1.163
137.085,0.156,-0.062,1.076
137.173,0.153,-0.052,1.059
137.443,0.103,0.016,1.092
137.681,0.119,0.052,1.091
137.919,0.178,0.104,1.093
139.061,0.255,0.172,0.511
139.312,0.178,0.239,0.148
139.557,0.15,0.244,0.006
139.885,0.109,0.255,-0.207
140.062,0.083,0.306,-0.313
140.157,0.084,0.303,-0.293
141.307,0.03,0.285,0.171
141.506,0.057,0.324,0.264
141.604,0.059,0.316,0.283
141.846,0.18,0.258,0.41
142.109,0.204,0.271,0.528
142.296,0.236,0.268,0.644
142.527,0.241,0.279,0.63
142.653,0.231,0.266,0.641
142.776,0.221,0.253,0.653
142.87,0.21,0.24,0.664
142.964,0.2,0.227,0.675
143.214,0.228,0.247,0.877
143.334,0.216,0.234,0.868
143.441,0.204,0.22,0.86
143.55,0.192,0.206,0.851
143.655,0.18,0.193,0.843
143.901,-0.0,0.079,0.949
144.119,-0.034,0.03,0.99
144.235,-0.024,0.036,0.974
144.473,-0.034,-0.069,1.036
144.738,-0.167,0.077,0.885
145.042,-0.179,-0.169,0.754
145.272,0.009,-0.134,0.742
145.391,0.016,-0.115,0.746
145.479,0.023,-0.097,0.749
146.638,0.284,0.139,0.437
146.817,0.358,0.335,0.545
146.885,0.346,0.324,0.556
147.079,0.421,0.397,0.537
147.287,0.484,0.432,0.578
147.489,0.546,0.49,0.598
147.591,0.531,0.478,0.604
147.683,0.517,0.465,0.61
147.796,0.503,0.452,0.616
147.892,0.488,0.44,0.622
148.132,0.491,0.445,0.625
148.212,0.477,0.433,0.631
148.488,0.385,0.401,0.629
148.726,0.319,0.36,0.662
149.046,0.222,0.323,0.676
149.29,0.273,0.093,0.784
149.495,0.246,0.04,0.83
149.709,0.16,-0.004,0.811
149.967,0.059,-0.022,0.862
150.146,-0.058,-0.143,0.87
150.236,-0.048,-0.127,0.864
150.518,-0.038,-0.203,0.983
150.69,-0.087,-0.224,0.907
150.815,-0.077,-0.208,0.901
150.918,-0.068,-0.191,0.895
151.023,-0.058,-0.175,0.888
151.174,-0.087,-0.134,0.979
151.371,-0.1,-0.042,0.962
151.485,-0.087,-0.033,0.951
151.601,-0.074,-0.024,0.939
151.71,-0.061,-0.014,0.927
151.951,0.096,0.116,0.89
152.199,0.088,0.19,0.902
152.403,0.195,0.235,0.807
152.65,0.262,0.282,0.798
152.939,0.314,0.355,0.654
153.038,0.302,0.341,0.662
153.271,0.24,0.351,0.26
153.525,0.175,0.296,0.379
153.82,0.077,0.398,0.321
154.064,0.093,0.266,0.314
154.157,0.093,0.259,0.333
154.396,-0.01,0.24,0.453
154.644,-0.031,0.228,0.576
154.985,-0.1,0.365,0.642
155.204,-0.11,0.206,0.691
155.325,-0.093,0.198,0.699
155.433,-0.077,0.19,0.706
155.527,-0.06,0.181,0.714
155.767,-0.08,0.211,0.809
155.995,-0.06,0.393,0.827
156.142,-0.051,0.376,0.824
156.488,0.102,0.465,0.889
156.731,0.095,0.278,1.035
156.916,0.227,0.289,1.054
157.047,0.22,0.278,1.039
157.152,0.213,0.267,1.024
157.256,0.205,0.257,1.008
157.368,0.198,0.246,0.993
157.462,0.191,0.235,0.978
157.579,0.237,0.276,1.029
157.66,0.228,0.265,1.014
157.943,0.13,0.218,1.05
158.054,0.128,0.21,1.032
158.16,0.126,0.202,1.014
158.27,0.124,0.194,0.996
158.541,0.054,0.104,0.937
158.744,0.009,0.049,0.886
158.855,0.022,0.057,0.872
158.954,0.034,0.064,0.858
159.252,-0.068,-0.018,0.827
159.429,-0.106,-0.049,0.805
159.691,-0.09,0.059,0.692
159.778,-0.073,0.062,0.701
160.009,-0.057,0.212,0.549
160.262,0.128,0.023,0.632
160.463,0.097,0.244,0.559
160.58,0.097,0.233,0.576
160.641,0.097,0.222,0.593
160.792,0.357,0.137,0.675
160.869,0.339,0.134,0.683
161.018,0.376,0.19,0.635
161.14,0.359,0.184,0.645
161.339,0.296,0.368,0.672
161.574,0.382,0.21,0.712
161.697,0.364,0.203,0.717
161.765,0.346,0.196,0.721
161.904,0.345,0.184,0.802
161.989,0.327,0.178,0.801
162.26,0.286,0.11,0.839
162.471,0.24,0.055,0.861
162.585,0.223,0.06,0.851
162.66,0.207,0.066,0.842
162.949,0.019,-0.086,0.89
163.228,-0.072,-0.167,0.821
163.45,-0.045,-0.222,0.811
163.58,-0.037,-0.204,0.809
163.68,-0.029,-0.186,0.808
163.93,-0.112,-0.231,0.629
164.153,-0.126,-0.169,0.6
165.297,0.245,0.1,0.561
165.476,0.298,0.15,0.59
165.676,0.273,0.338,0.615
165.787,0.263,0.323,0.625
165.882,0.253,0.309,0.635
166.678,0.442,0.3,0.739
166.897,0.415,0.266,0.757
167.03,0.397,0.256,0.759
167.1,0.38,0.247,0.76
167.345,0.306,0.147,0.854
167.576,0.242,0.11,0.842
167.77,0.224,0.03,0.92
167.891,0.212,0.038,0.906
168.0,0.199,0.045,0.893
168.105,0.186,0.052,0.879
168.204,0.174,0.059,0.865
168.452,-0.017,-0.153,0.938
168.673,-0.159,-0.211,0.745
168.889,-0.098,-0.143,0.684
168.995,-0.086,-0.128,0.691
169.243,-0.027,-0.219,0.681
169.365,-0.02,-0.201,0.686
169.624,-0.112,-0.102,0.6
170.806,0.268,0.151,0.733
171.049,0.333,0.223,0.8
171.274,0.294,0.439,0.79
171.492,0.357,0.467,0.865
171.606,0.346,0.45,0.861
171.705,0.335,0.434,0.858
171.942,0.438,0.37,0.957
172.072,0.424,0.359,0.95
172.165,0.409,0.347,0.942
172.243,0.395,0.335,0.935
172.385,0.335,0.242,0.902
172.533,0.319,0.233,0.894
172.727,0.273,0.162,0.894
172.927,0.118,0.284,0.833
173.039,0.116,0.265,0.828
173.126,0.114,0.245,0.823
173.364,-0.085,-0.012,0.695
173.589,0.099,-0.091,0.865
173.706,0.099,-0.072,0.857
173.915,-0.065,-0.069,0.76
174.048,-0.051,-0.055,0.763
174.392,-0.167,-0.139,0.728
174.582,-0.135,-0.202,0.781
174.686,-0.123,-0.187,0.781
174.933,-0.085,0.1,0.676
175.146,0.092,0.032,0.781
175.348,0.107,0.035,0.744
175.505,0.216,0.089,0.785
175.701,0.279,0.116,0.821
175.825,0.282,0.116,0.802
176.064,0.273,0.394,0.757
176.261,0.404,0.3,0.785
176.343,0.404,0.295,0.765
176.583,0.398,0.324,0.617
176.719,0.398,0.317,0.598
176.824,0.398,0.31,0.58
176.927,0.398,0.303,0.561
177.022,0.398,0.296,0.542
177.169,0.43,0.454,0.51
177.278,0.429,0.443,0.493
177.366,0.428,0.431,0.477
177.603,0.402,0.378,0.295
177.838,0.396,0.376,0.164
178.04,0.39,0.37,-0.011
178.263,0.385,0.379,-0.101
178.477,0.385,0.38,-0.132
178.726,0.38,0.376,-0.177
178.936,0.381,0.363,-0.189
179.139,0.388,0.341,-0.227
179.266,0.388,0.327,-0.213
179.517,0.411,0.205,-0.18
179.735,0.435,0.286,-0.176
179.96,0.459,0.273,-0.147
180.26,0.495,0.255,-0.069
180.524,0.517,0.245,-0.004
180.717,0.527,0.245,0.01
180.811,0.513,0.23,0.009
181.047,0.537,0.116,0.114
181.287,0.53,0.229,0.074
181.606,0.528,0.226,0.096
181.794,0.543,0.21,0.126
181.918,0.53,0.2,0.115
181.99,0.517,0.19,0.103
182.242,0.474,0.215,0.063
182.459,0.414,0.192,0.087
182.577,0.412,0.177,0.073
182.679,0.41,0.164,0.061
183.027,0.232,0.171,0.09
183.124,0.234,0.174,0.11
183.198,0.237,0.177,0.13
183.505,0.157,0.169,0.063
183.7,0.165,0.153,0.112
183.916,0.171,0.147,0.142
184.02,0.174,0.15,0.161
184.255,0.184,0.156,0.439
184.476,0.217,0.151,0.577
184.693,0.241,0.137,0.721
184.805,0.244,0.143,0.74
184.918,0.248,0.149,0.759
185.006,0.251,0.155,0.778
185.11,0.255,0.161,0.796
185.352,0.225,0.219,1.156
185.616,0.297,0.288,1.272
185.814,0.342,0.294,1.138
185.948,0.344,0.299,1.157
186.027,0.347,0.303,1.176
186.31,0.384,0.389,1.142
186.522,0.4,0.432,1.169
186.623,0.4,0.431,1.189
186.726,0.4,0.429,1.209
187.022,0.439,0.529,1.213
187.461,0.454,0.594,1.415
188.444,0.468,0.519,2.156
188.668,0.407,0.469,2.175
188.779,0.407,0.466,2.155
188.883,0.407,0.464,2.135
188.98,0.407,0.462,2.115
189.076,0.406,0.46,2.095
189.34,0.66,0.373,2.235
190.519,0.634,0.229,1.783
190.761,0.608,0.25,1.533
190.991,0.723,0.294,1.434
191.094,0.706,0.3,1.441
191.189,0.688,0.305,1.449
191.275,0.67,0.311,1.456
191.377,0.653,0.317,1.464
191.473,0.635,0.323,1.471
191.567,0.617,0.329,1.479
191.651,0.6,0.334,1.486
191.746,0.582,0.34,1.494
191.851,0.565,0.346,1.501
191.945,0.547,0.352,1.509
192.044,0.529,0.358,1.516
192.144,0.512,0.363,1.524
192.241,0.494,0.369,1.531
192.352,0.478,0.374,1.538
192.544,0.469,0.375,1.577
192.642,0.464,0.375,1.596
192.746,0.46,0.376,1.616
192.848,0.455,0.376,1.635
192.948,0.451,0.376,1.655
193.044,0.446,0.377,1.674
193.15,0.441,0.377,1.693
193.25,0.437,0.377,1.713
193.347,0.432,0.377,1.732
193.457,0.428,0.378,1.752
193.559,0.423,0.378,1.771
193.652,0.418,0.378,1.791
193.752,0.414,0.379,1.81
193.854,0.409,0.379,1.83
193.955,0.405,0.379,1.849
194.057,0.4,0.38,1.869
194.158,0.395,0.38,1.888
194.259,0.391,0.38,1.908
194.361,0.386,0.381,1.927
194.465,0.382,0.381,1.946
194.571,0.377,0.381,1.966
194.669,0.373,0.381,1.985
194.773,0.368,0.382,2.005
194.873,0.363,0.382,2.024
194.97,0.359,0.382,2.044
195.069,0.354,0.383,2.063
195.168,0.35,0.383,2.083
195.259,0.345,0.383,2.102
195.358,0.34,0.384,2.122
195.456,0.336,0.384,2.141
195.553,0.331,0.384,2.161
195.653,0.327,0.385,2.18
195.843,0.542,0.604,1.549
195.951,0.537,0.602,1.568
196.05,0.531,0.599,1.588
196.149,0.526,0.597,1.607
196.245,0.521,0.595,1.626
196.338,0.516,0.592,1.645
196.443,0.51,0.59,1.664
196.544,0.505,0.587,1.683
196.633,0.5,0.585,1.702
196.719,0.494,0.582,1.721
196.998,0.365,0.659,2.283
197.225,0.364,0.649,2.297
197.326,0.358,0.644,2.315
197.552,0.357,0.635,2.323
197.696,0.351,0.63,2.341
197.879,0.357,0.625,2.336
198.108,0.357,0.618,2.343
198.216,0.351,0.613,2.361
198.313,0.345,0.608,2.38
198.444,0.355,0.611,2.349
198.545,0.349,0.606,2.368
198.77,0.352,0.602,2.425
199.036,0.351,0.596,2.452
199.203,0.464,0.65,2.435
199.429,0.346,0.592,2.489
199.533,0.339,0.587,2.507
199.797,0.46,0.698,2.511
200.003,0.453,0.727,2.585
200.228,0.333,0.576,2.598
200.337,0.325,0.571,2.616
200.418,0.318,0.565,2.634
200.684,0.447,0.679,2.718
200.91,0.318,0.555,2.762
201.02,0.309,0.548,2.778
201.178,0.428,0.594,2.868
201.375,0.309,0.534,2.883
201.493,0.297,0.526,2.897
201.595,0.285,0.519,2.912
201.855,0.406,0.582,3.067
203.03,0.389,0.572,3.071
203.143,0.372,0.562,3.075
204.312,0.355,0.552,3.079
204.521,-0.086,0.054,-2.517
204.68,-0.081,0.064,-2.534
205.847,-0.075,0.073,-2.551
205.949,-0.07,0.082,-2.568
206.048,-0.065,0.092,-2.585
206.149,-0.06,0.101,-2.602
206.249,-0.055,0.111,-2.619
206.35,-0.05,0.12,-2.636
206.448,-0.045,0.129,-2.653
206.605,-0.125,0.005,-2.567
206.706,-0.119,0.016,-2.583
206.791,-0.113,0.027,-2.598
206.875,-0.107,0.038,-2.614
207.133,0.006,0.082,-2.662
207.291,0.009,0.093,-2.678
207.392,0.013,0.104,-2.695
207.497,0.016,0.115,-2.711
207.603,0.019,0.126,-2.728
207.695,0.022,0.136,-2.744
207.783,0.026,0.147,-2.76
207.88,0.029,0.158,-2.777
208.138,0.212,0.28,-2.747
208.446,0.263,0.413,-3.03
208.655,0.306,0.408,3.02
208.884,0.332,0.421,2.87
209.108,0.355,0.395,2.691
209.336,0.348,0.341,2.717
209.561,0.327,0.439,2.663
209.764,0.264,0.453,2.671
209.964,0.213,0.458,2.671
210.117,0.209,0.456,2.691
210.33,0.139,0.512,2.729
210.64,0.097,0.516,2.846
210.785,0.097,0.508,2.864
211.044,0.061,0.436,-3.052
211.21,0.068,0.43,-3.069
211.618,0.058,0.399,-2.922
211.732,0.059,0.396,-2.941
211.829,0.059,0.393,-2.961
211.925,0.059,0.389,-2.981
212.014,0.06,0.386,-3.001
212.272,0.1,0.39,-3.004
212.462,0.094,0.482,-3.0
212.617,0.094,0.477,-3.019
212.727,0.094,0.473,-3.039
212.842,0.094,0.469,-3.058
212.942,0.094,0.464,-3.078
213.044,0.094,0.46,-3.097
213.141,0.094,0.456,-3.117
213.231,0.094,0.451,-3.136
213.488,0.138,0.352,-3.01
213.733,0.126,0.453,-2.976
213.93,0.149,0.337,-3.008
214.138,0.138,0.442,-2.982
214.275,0.138,0.438,-3.001
214.393,0.137,0.434,-3.021
214.508,0.137,0.43,-3.04
214.817,0.133,0.32,3.119
215.017,0.121,0.438,3.096
215.156,0.12,0.433,3.077
215.26,0.12,0.429,3.057
215.578,0.115,0.408,3.024
215.786,0.126,0.411,3.029
215.998,0.101,0.393,2.911
216.144,0.101,0.389,2.891
216.257,0.101,0.385,2.872
216.355,0.101,0.38,2.852
216.443,0.101,0.376,2.833
216.536,0.1,0.372,2.813
216.795,0.111,0.289,2.941
216.945,0.111,0.287,2.922
217.049,0.111,0.284,2.902
217.265,0.113,0.374,2.96
217.597,0.117,0.364,2.975
217.813,0.121,0.266,2.957
218.033,0.126,0.282,2.916
218.33,0.157,0.254,2.78
218.524,0.161,0.325,2.756
218.682,0.16,0.321,2.736
218.791,0.159,0.317,2.717
218.999,0.17,0.217,2.601
219.301,0.178,0.302,2.558
219.523,0.181,0.295,2.552
219.741,0.181,0.287,2.543
219.903,0.18,0.283,2.523
220.065,0.183,0.173,2.539
220.328,0.187,0.271,2.543
220.54,0.191,0.268,2.571
220.739,0.187,0.259,2.585
220.901,0.186,0.256,2.566
221.109,0.157,0.191,2.586
221.408,0.149,0.266,2.453
222.078,0.021,0.186,2.459
222.238,0.023,0.184,2.439
222.419,0.051,0.158,2.067
222.646,0.058,0.132,1.931
222.761,0.06,0.13,1.911
222.879,0.062,0.128,1.891
222.973,0.065,0.126,1.872
223.067,0.067,0.125,1.852
223.298,0.091,0.059,1.62
223.654,0.152,0.047,1.385
223.762,0.152,0.05,1.365
223.867,0.152,0.053,1.345
223.954,0.151,0.057,1.326
224.105,0.121,-0.004,1.121
224.343,0.14,-0.021,1.026
224.546,0.119,-0.001,0.915
225.677,0.36,0.182,0.782
225.888,0.409,0.243,0.748
226.083,0.38,0.446,0.682
226.182,0.368,0.43,0.687
226.418,0.442,0.484,0.68
226.534,0.475,0.501,0.689
226.647,0.462,0.486,0.693
226.739,0.449,0.472,0.697
226.822,0.435,0.458,0.701
226.969,0.404,0.464,0.739
227.075,0.392,0.448,0.741
227.173,0.379,0.433,0.743
227.415,0.357,0.266,0.703
227.633,0.232,0.352,0.732
227.762,0.225,0.334,0.737
227.864,0.218,0.316,0.741
227.96,0.21,0.298,0.746
228.202,0.172,0.046,0.83
228.299,0.169,0.064,0.822
228.642,0.061,-0.039,0.824
228.871,-0.07,-0.108,0.867
229.075,-0.129,0.017,0.849
229.193,-0.12,0.02,0.832
229.284,-0.11,0.022,0.815
229.433,-0.113,-0.163,0.842
229.684,-0.09,0.056,0.792
229.868,-0.036,-0.088,0.857
229.975,-0.028,-0.083,0.84
230.224,0.05,-0.016,0.86
230.559,0.121,0.039,0.875
230.777,0.099,0.256,0.717
230.915,0.106,0.253,0.698
231.003,0.112,0.25,0.679
231.101,0.119,0.247,0.661
231.399,0.294,0.183,0.762
231.588,0.332,0.214,0.772
231.706,0.333,0.212,0.753
231.8,0.333,0.211,0.733
232.044,0.368,0.249,0.767
232.282,0.372,0.245,0.749
232.384,0.371,0.242,0.729
233.498,0.263,0.295,-0.312
233.707,0.247,0.263,-0.412
233.905,0.228,0.281,-0.513
234.02,0.232,0.276,-0.494
234.121,0.237,0.271,-0.475
234.221,0.241,0.267,-0.456
234.471,0.167,0.287,-0.91
234.711,0.179,0.242,-0.779
234.926,0.21,0.217,-0.771
235.13,0.241,0.196,-0.771
235.236,0.243,0.195,-0.751
235.317,0.246,0.194,-0.731
235.691,0.459,0.258,-0.822
235.921,0.349,0.106,-0.747
236.124,0.383,0.128,-0.651
236.332,0.402,0.144,-0.508
236.554,0.428,0.178,-0.209
236.764,0.422,0.104,-0.224
236.879,0.416,0.108,-0.206
236.989,0.41,0.112,-0.187
237.067,0.404,0.116,-0.168
237.218,0.431,0.199,0.283
237.421,0.411,0.218,0.43
237.539,0.409,0.215,0.41
237.641,0.406,0.212,0.391
237.739,0.403,0.209,0.371
238.04,0.33,0.203,0.437
238.274,0.286,0.182,0.438
238.484,0.261,0.136,0.397
238.604,0.265,0.136,0.377
238.935,0.241,0.08,0.22
239.145,0.203,0.113,0.088
239.378,0.218,0.099,0.055
239.603,0.248,0.115,0.006
239.944,0.323,0.121,0.008
240.404,0.47,0.122,-0.02
240.624,0.542,0.131,-0.028
240.82,0.617,0.139,-0.032
241.032,0.648,0.149,0.07
241.132,0.644,0.152,0.09
241.377,0.632,0.163,0.222
241.479,0.628,0.166,0.241
241.569,0.624,0.169,0.261
241.824,0.6,0.058,0.629
242.162,0.548,0.156,0.626
242.352,0.512,0.148,0.694
242.461,0.508,0.152,0.713
242.563,0.505,0.157,0.733
242.66,0.501,0.161,0.752
242.957,0.571,0.013,0.948
243.15,0.56,0.017,0.973
243.268,0.554,0.026,0.99
243.363,0.548,0.035,1.007
243.605,0.508,0.039,0.976
243.836,0.492,0.053,0.984
243.936,0.488,0.062,1.001
244.218,0.458,0.083,1.034
244.431,0.44,0.097,1.067
244.545,0.437,0.106,1.085
244.637,0.434,0.115,1.103
244.923,0.417,0.105,1.114
245.131,0.401,0.113,1.135
245.316,0.355,0.132,1.26
245.454,0.355,0.144,1.277
245.551,0.354,0.155,1.293
245.647,0.354,0.167,1.309
245.743,0.354,0.178,1.326
245.827,0.354,0.19,1.342
246.058,0.242,0.179,2.129
246.193,0.246,0.184,2.111
246.291,0.249,0.19,2.092
246.382,0.253,0.196,2.073
246.648,0.27,0.352,2.304
246.865,0.094,0.298,2.298
246.984,0.1,0.299,2.28
247.091,0.107,0.301,2.261
247.186,0.114,0.302,2.242
247.453,0.209,0.433,2.337
247.68,0.093,0.358,2.363
248.011,0.11,0.352,2.189
248.247,0.108,0.364,2.183
248.359,0.115,0.364,2.165
248.451,0.123,0.363,2.146
248.538,0.13,0.363,2.128
248.767,0.161,0.343,2.134
249.009,0.193,0.329,2.023
249.128,0.199,0.329,2.004
249.352,0.232,0.3,1.824
249.535,0.247,0.283,1.713
249.657,0.258,0.29,1.698
249.744,0.269,0.297,1.683
250.027,0.251,0.25,1.6
250.234,0.255,0.259,1.621
250.344,0.268,0.272,1.614
250.437,0.282,0.285,1.607
250.722,0.275,0.288,1.617
250.949,0.299,0.326,1.62
251.426,0.342,0.438,1.675
251.719,0.364,0.491,1.661
251.946,0.467,0.519,1.728
252.07,0.463,0.516,1.748
252.18,0.458,0.514,1.767
252.28,0.454,0.512,1.787
252.378,0.45,0.51,1.806
252.719,0.459,0.459,2.244
252.972,0.369,0.439,2.306
253.153,0.364,0.431,2.314
253.256,0.359,0.429,2.333
253.524,0.463,0.512,2.307
253.721,0.473,0.496,2.31
253.948,0.353,0.411,2.348
254.065,0.348,0.41,2.367
254.152,0.343,0.409,2.386
254.417,0.463,0.541,2.424
254.62,0.462,0.522,2.441
254.762,0.454,0.517,2.459
254.867,0.446,0.513,2.477
254.957,0.438,0.509,2.494
255.062,0.43,0.504,2.512
255.156,0.422,0.5,2.53
255.417,0.404,0.447,2.924
255.637,0.421,0.496,2.917
255.842,0.422,0.488,2.921
256.062,0.428,0.474,2.931
256.381,0.43,0.489,2.954
257.595,0.415,0.482,2.964
257.753,0.076,0.344,-3.077
258.19,-0.063,0.335,-3.059
258.364,-0.06,0.333,-3.079
258.623,-0.181,0.326,-3.045
258.776,-0.177,0.324,-3.064
258.886,-0.173,0.322,-3.084
258.992,-0.169,0.32,-3.103
259.081,-0.165,0.318,-3.123
259.166,-0.161,0.316,-3.142
259.255,-0.157,0.314,-3.162
259.416,-0.145,0.404,2.799
259.622,-0.124,0.397,2.703
259.779,-0.119,0.393,2.684
260.042,-0.081,0.374,2.497
260.197,-0.077,0.37,2.478
260.291,-0.072,0.365,2.459
260.373,-0.067,0.361,2.44
260.635,-0.018,0.322,2.342
260.845,0.016,0.289,2.339
260.997,0.02,0.286,2.319
261.093,0.023,0.282,2.3
261.177,0.027,0.279,2.281
261.274,0.03,0.275,2.261
261.538,0.12,0.216,2.346
261.855,0.034,0.075,2.326
262.086,0.066,0.047,2.321
262.192,0.068,0.05,2.301
262.452,0.254,0.005,2.337
262.752,0.217,0.007,2.044
262.975,0.324,-0.007,1.977
263.112,0.317,-0.001,1.959
263.205,0.309,0.006,1.942
263.292,0.302,0.013,1.925
264.416,0.132,0.221,1.794
264.606,0.23,0.266,1.81
264.693,0.225,0.258,1.793
264.978,0.109,0.354,1.73
265.232,0.102,0.408,1.7
265.347,0.105,0.39,1.692
265.461,0.108,0.373,1.683
265.563,0.112,0.355,1.674
265.661,0.115,0.337,1.665
265.895,0.1,0.392,1.406
266.024,0.104,0.376,1.417
266.119,0.107,0.36,1.428
266.346,0.085,0.283,1.317
266.575,0.178,0.197,1.332
266.679,0.175,0.193,1.352
266.917,0.039,0.093,1.266
267.163,0.012,0.024,1.291
267.487,0.023,-0.041,1.444
267.682,0.028,-0.063,1.514
267.774,0.037,-0.046,1.519
268.015,0.015,-0.1,1.584
268.119,0.025,-0.083,1.583
268.194,0.034,-0.065,1.582
268.475,0.032,0.011,1.742
268.604,0.041,0.022,1.728
268.718,0.051,0.033,1.714
268.791,0.06,0.044,1.701
269.02,0.01,0.222,1.762
269.242,0.003,0.318,1.745
269.349,0.014,0.306,1.733
269.587,0.002,0.439,1.704
269.82,0.015,0.487,1.566
270.066,0.027,0.535,1.402
270.282,0.031,0.519,1.345
270.618,0.014,0.436,1.3
270.847,0.002,0.366,1.296
271.08,-0.008,0.274,1.342
271.362,-0.014,0.193,1.38
271.617,-0.019,0.127,1.409
271.808,-0.017,0.077,1.432
272.044,-0.008,0.064,1.497
272.146,0.008,0.073,1.505
272.237,0.025,0.082,1.512
272.476,0.031,0.076,1.637
272.608,0.037,0.077,1.654
272.708,0.051,0.087,1.643
272.791,0.066,0.096,1.633
273.075,0.057,0.182,1.752
273.313,0.069,0.228,1.762
273.511,0.094,0.292,1.793
273.611,0.098,0.281,1.777
273.7,0.103,0.27,1.76
273.977,0.133,0.38,1.779
274.211,0.13,0.403,1.762
274.446,0.242,0.376,1.801
274.682,0.152,0.337,1.734
274.874,0.161,0.275,1.694
275.015,0.16,0.261,1.68
275.104,0.159,0.246,1.666
275.184,0.158,0.232,1.652
275.374,0.176,0.168,1.622
275.835,0.192,0.034,1.556
276.147,0.178,-0.04,1.501
276.25,0.178,-0.034,1.482
276.333,0.179,-0.028,1.463
276.418,0.179,-0.021,1.444
276.653,0.295,-0.064,1.179
276.883,0.254,-0.067,1.099
277.007,0.252,-0.054,1.084
277.107,0.249,-0.041,1.069
277.204,0.247,-0.028,1.054
277.492,0.268,0.039,1.068
277.698,0.363,0.073,0.992
277.897,0.4,0.116,0.831
279.058,0.4,0.403,0.273
279.326,0.348,0.425,0.285
279.526,0.319,0.433,0.327
279.619,0.314,0.424,0.345
279.87,0.254,0.463,0.357
280.068,0.22,0.466,0.322
280.175,0.22,0.456,0.34
280.262,0.219,0.446,0.357
280.547,0.242,0.374,0.438
280.748,0.221,0.368,0.577
280.848,0.219,0.356,0.593
281.083,0.233,0.356,0.609
281.312,0.241,0.356,0.601
281.432,0.237,0.343,0.616
281.524,0.234,0.33,0.631
281.766,0.216,0.346,0.779
281.988,0.199,0.32,0.927
282.095,0.199,0.307,0.911
282.206,0.199,0.294,0.896
282.319,0.199,0.281,0.881
282.435,0.199,0.268,0.866
282.52,0.2,0.257,0.852
282.76,0.089,0.188,1.409
282.849,0.092,0.188,1.389
283.077,0.085,0.084,1.418
283.213,0.088,0.085,1.399
283.459,0.161,0.026,1.136
283.734,0.169,0.057,1.078
283.829,0.172,0.059,1.058
283.969,0.155,0.073,0.941
284.052,0.158,0.075,0.922
284.184,0.236,0.084,0.798
284.286,0.238,0.087,0.779
284.523,0.182,0.27,0.698
284.788,0.302,0.138,0.748
284.895,0.302,0.14,0.728
284.993,0.301,0.142,0.708
285.091,0.301,0.143,0.688
285.184,0.301,0.145,0.668
286.314,0.358,0.294,0.099
286.519,0.377,0.303,-0.117
286.783,0.391,0.309,-0.301
287.069,0.414,0.3,-0.551
287.279,0.41,0.25,-0.818
287.349,0.408,0.248,-0.799
287.615,0.506,0.362,-0.861
287.86,0.377,0.239,-0.876
288.189,0.491,0.354,-0.921
288.651,0.482,0.376,-0.823
289.811,0.363,0.344,-0.413
290.066,0.364,0.342,-0.415
290.307,0.363,0.343,-0.413
290.611,0.361,0.343,-0.413
290.844,0.36,0.342,-0.416
291.058,0.357,0.343,-0.419
291.276,0.357,0.341,-0.417
291.466,0.356,0.34,-0.418
291.731,0.354,0.341,-0.418
291.941,0.354,0.342,-0.392
292.151,0.352,0.343,-0.396
292.36,0.352,0.342,-0.398
292.477,0.35,0.335,-0.379
292.557,0.347,0.328,-0.361
292.817,0.351,0.342,-0.397
293.035,0.35,0.341,-0.397
293.254,0.349,0.341,-0.397
293.48,0.349,0.342,-0.4
293.725,0.349,0.341,-0.399
293.918,0.348,0.341,-0.4
294.036,0.345,0.335,-0.382
294.146,0.343,0.328,-0.363
294.404,0.346,0.341,-0.399
294.728,0.343,0.339,-0.399
294.932,0.342,0.336,-0.4
295.18,0.339,0.338,-0.407
295.401,0.336,0.339,-0.407
295.594,0.335,0.338,-0.409
295.686,0.334,0.332,-0.39
295.935,0.331,0.336,-0.411
296.14,0.325,0.256,-0.432
296.403,0.327,0.337,-0.415
296.639,0.321,0.254,-0.437
296.852,0.326,0.334,-0.42
297.062,0.325,0.335,-0.422
297.27,0.323,0.336,-0.424
297.492,0.322,0.333,-0.423
297.59,0.321,0.327,-0.404
297.679,0.32,0.321,-0.385
297.94,0.32,0.333,-0.421
298.127,0.316,0.334,-0.429
298.195,0.315,0.328,-0.41
298.364,0.314,0.333,-0.427
298.484,0.313,0.327,-0.408
298.593,0.312,0.321,-0.389
298.679,0.312,0.315,-0.37
298.939,0.309,0.332,-0.43
299.038,0.309,0.326,-0.411
299.112,0.308,0.32,-0.392
299.254,0.307,0.331,-0.434
299.369,0.306,0.326,-0.415
299.577,0.295,0.254,-0.464
299.796,0.297,0.33,-0.439
300.047,0.287,0.253,-0.464
300.249,0.291,0.33,-0.444
300.356,0.291,0.325,-0.425
300.611,0.293,0.279,-0.48
300.816,0.3,0.326,-0.349
300.92,0.3,0.319,-0.33
301.001,0.3,0.313,-0.312
301.244,0.33,0.332,-0.243
301.477,0.341,0.326,-0.227
301.714,0.344,0.323,-0.167
301.916,0.354,0.324,-0.18
302.012,0.349,0.313,-0.164
302.092,0.345,0.302,-0.148
302.348,0.355,0.315,-0.216
302.574,0.352,0.314,-0.234
302.798,0.348,0.316,-0.246
303.009,0.346,0.313,-0.248
303.107,0.343,0.305,-0.23
303.258,0.343,0.31,-0.243
303.37,0.34,0.302,-0.225
303.473,0.337,0.294,-0.207
303.734,0.331,0.311,-0.259
304.041,0.334,0.295,-0.279
304.269,0.332,0.296,-0.306
304.519,0.336,0.291,-0.319
304.716,0.335,0.293,-0.314
304.964,0.329,0.199,-0.32
305.177,0.335,0.291,-0.317
305.385,0.334,0.291,-0.319
305.642,0.334,0.291,-0.319
305.979,0.331,0.288,-0.315
306.192,0.33,0.312,-0.112
306.408,0.336,0.302,-0.117
306.622,0.336,0.299,-0.122
306.866,0.336,0.3,-0.137
307.173,0.336,0.297,-0.135
307.393,0.332,0.293,-0.133
307.618,0.329,0.298,-0.146
307.829,0.327,0.294,-0.144
307.928,0.324,0.283,-0.128
308.169,0.322,0.292,-0.148
308.267,0.319,0.282,-0.131
308.318,0.317,0.271,-0.114
308.526,0.314,0.292,-0.154
308.738,0.315,0.282,-0.143
308.986,0.313,0.291,-0.153
309.173,0.317,0.285,-0.114
309.373,0.314,0.163,-0.053
309.603,0.314,0.166,-0.013
309.717,0.314,0.168,0.007
309.975,0.32,0.16,0.034
310.169,0.321,0.279,0.042
310.229,0.321,0.279,0.062
310.381,0.33,0.231,0.215
310.478,0.33,0.232,0.235
310.733,0.32,0.279,0.656
310.977,0.352,0.219,0.838
311.273,0.327,0.227,1.19
311.475,0.309,0.231,1.649
311.54,0.308,0.243,1.634
311.989,0.248,0.211,2.179
312.092,0.247,0.212,2.199
312.192,0.246,0.214,2.219
312.294,0.245,0.216,2.239
312.389,0.244,0.218,2.259
312.652,0.304,0.308,2.645
312.838,0.297,0.301,2.798
313.059,0.288,0.295,3.004
313.275,0.284,0.322,-2.936
313.57,0.267,0.3,-2.68
313.721,0.264,0.3,-2.7
313.88,0.265,0.152,-2.574
313.939,0.262,0.157,-2.593
314.101,0.249,0.127,-2.578
314.258,0.247,0.133,-2.597
314.515,0.166,0.099,-2.54
314.668,0.167,0.106,-2.559
314.978,0.13,0.093,-2.675
315.095,0.132,0.101,-2.693
315.146,0.135,0.109,-2.711
315.307,0.121,0.119,-2.689
315.617,0.135,0.28,-2.701
315.82,0.147,0.306,-2.858
316.021,0.17,0.321,-3.014
316.145,0.175,0.317,-3.033
316.268,0.179,0.314,-3.052
316.763,0.259,0.307,2.785
316.97,0.258,0.306,2.765
317.05,0.257,0.304,2.746
317.21,0.276,0.238,2.652
317.414,0.305,0.279,2.327
317.619,0.294,0.208,1.957
317.84,0.232,0.219,1.881
318.035,0.246,0.232,1.761
318.163,0.241,0.228,1.742
318.495,0.221,0.233,1.239
318.706,0.21,0.238,1.25
318.933,0.214,0.239,1.209
319.142,0.193,0.227,1.148
319.263,0.194,0.226,1.168
319.377,0.194,0.224,1.188
319.457,0.194,0.223,1.208
319.598,0.175,0.226,1.258
319.656,0.177,0.225,1.278
319.848,0.164,0.206,1.368
320.042,0.165,0.196,1.537
320.435,0.162,0.192,2.018
320.582,0.164,0.193,1.998
320.91,0.093,0.179,2.261
321.125,0.093,0.193,2.27
321.344,0.114,0.216,2.199
321.537,0.168,0.238,2.045
321.669,0.169,0.239,2.025
321.861,0.164,0.237,1.557
322.054,0.183,0.226,1.409
322.177,0.185,0.226,1.389
322.367,0.239,0.188,1.127
322.488,0.24,0.192,1.107
322.568,0.24,0.195,1.087
322.812,0.234,0.182,0.728
323.044,0.26,0.18,0.535
323.242,0.294,0.177,0.478
323.452,0.242,0.157,0.476
323.568,0.243,0.161,0.457
323.829,0.303,0.241,0.314
324.12,0.315,0.285,0.017
324.663,0.324,0.297,-0.027
